Attribute1,class
A12,1
A14,1
A11,2
A14,1
A11,1
A11,1
A14,1
A12,1
A12,2
A11,2
A11,2
A14,1
A12,1
A11,1
A11,1
A11,1
A12,1
A14,1
A12,2
A11,2
A11,2
A11,1
A14,1
A14,1
A12,1
A13,1
A14,1
A14,1
A12,2
A14,1
A12,2
A11,1
A14,1
A14,1
A11,2
A14,1
A11,1
A14,1
A12,2
A12,1
A14,1
A11,1
A14,1
A14,1
A11,1
A14,1
A12,1
A14,1
A14,1
A11,1
A11,1
A12,1
A14,1
A14,1
A12,1
A12,1
A12,2
A13,1
A12,1
A12,2
A14,1
A13,1
A14,2
A14,1
A12,2
A14,1
A11,1
A14,1
A12,1
A14,1
A12,1
A14,1
A14,1
A12,1
A14,1
A12,2
A14,1
A11,1
A11,2
A11,1
A11,1
A11,1
A14,1
A12,1
A14,2
A11,2
A11,2
A12,1
A13,1
A14,1
A14,1
A13,2
A12,1
A12,1
A12,2
A13,1
A12,2
A12,2
A13,1
A14,1
A11,2
A14,1
A14,1
A12,1
A12,2
A14,1
A14,1
A14,1
A13,2
A14,1
A11,1
A11,1
A14,1
A14,1
A11,2
A12,2
A14,1
A12,2
A11,1
A11,1
A13,1
A14,1
A14,1
A11,1
A12,1
A14,1
A12,1
A12,1
A14,1
A14,1
A12,1
A14,1
A14,1
A11,2
A14,1
A14,1
A11,1
A11,1
A14,1
A12,1
A11,1
A14,1
A14,1
A14,1
A14,1
A12,1
A12,1
A14,1
A12,1
A12,2
A14,1
A14,1
A14,1
A11,1
A12,2
A14,1
A12,2
A14,1
A11,1
A11,1
A14,1
A12,1
A14,1
A14,1
A14,1
A11,1
A11,1
A11,2
A11,1
A14,1
A14,1
A11,2
A12,1
A12,1
A14,1
A13,1
A14,1
A14,1
A12,1
A14,1
A12,2
A14,1
A12,1
A13,1
A12,2
A13,1
A11,2
A14,1
A11,1
A13,1
A14,1
A13,2
A14,1
A11,2
A12,2
A11,2
A14,2
A12,2
A12,1
A14,2
A11,2
A14,2
A14,1
A14,1
A12,2
A12,1
A11,1
A12,1
A13,1
A11,2
A14,1
A12,2
A14,1
A12,2
A11,2
A11,1
A11,1
A11,1
A13,1
A12,1
A14,2
A12,2
A12,1
A12,1
A12,1
A14,1
A11,2
A14,1
A11,1
A12,1
A11,2
A12,1
A12,1
A14,1
A12,2
A11,1
A14,2
A12,2
A11,1
A11,1
A11,2
A14,1
A11,2
A11,2
A12,1
A12,1
A11,1
A12,1
A14,1
A13,1
A14,1
A11,2
A14,1
A14,1
A12,1
A12,1
A14,2
A12,1
A14,1
A14,1
A12,2
A11,1
A12,1
A13,1
A14,1
A14,2
A11,2
A11,1
A14,2
A12,2
A11,1
A14,1
A12,1
A11,1
A14,1
A12,1
A12,2
A11,2
A11,2
A14,1
A14,1
A11,2
A14,1
A14,1
A12,2
A14,1
A11,2
A12,2
A14,1
A14,2
A12,2
A14,1
